<TEST NAME="TEST16" FILE="ArrayReference.java">

 <VERSION NUMBER="1" CHECKED="TRUE">
 
   <LOCATION ORIG="165" NEW="165" />
   <LOCATION ORIG="166" NEW="166" />
   <LOCATION ORIG="167" NEW="167" />
   <LOCATION ORIG="168" NEW="168" />
   <LOCATION ORIG="169" NEW="169" />
   <LOCATION ORIG="170" NEW="170" />
   <LOCATION ORIG="171" NEW="171" />
   <LOCATION ORIG="173" NEW="173" />
   <LOCATION ORIG="174" NEW="174" />
   <LOCATION ORIG="175" NEW="175" />
   <LOCATION ORIG="176" NEW="176" />
   <LOCATION ORIG="177" NEW="177" />
	 
</VERSION>

 <VERSION NUMBER="2" CHECKED="TRUE">	 
 
   <LOCATION ORIG="165" NEW="163" />
   <LOCATION ORIG="166" NEW="164" />
   <LOCATION ORIG="167" NEW="165" />
   <LOCATION ORIG="168" NEW="-1" />
   <LOCATION ORIG="169" NEW="166" />
   <LOCATION ORIG="170" NEW="169" />
   <LOCATION ORIG="171" NEW="-1" />
   <LOCATION ORIG="173" NEW="172" />
   <LOCATION ORIG="174" NEW="173" />
   <LOCATION ORIG="175" NEW="-1" />
   <LOCATION ORIG="176" NEW="174" />
   <LOCATION ORIG="177" NEW="167" />

</VERSION>
</TEST>