<TEST NAME="TEST18" FILE="ASTResolving.java">

 <VERSION NUMBER="1" CHECKED="TRUE">
 
   <LOCATION ORIG="114" NEW="114" />
   <LOCATION ORIG="115" NEW="115" />
   <LOCATION ORIG="117" NEW="117" />
   <LOCATION ORIG="118" NEW="118" />
   <LOCATION ORIG="119" NEW="119" />
   <LOCATION ORIG="120" NEW="120" />
   <LOCATION ORIG="121" NEW="121" />
   <LOCATION ORIG="122" NEW="122" />
   <LOCATION ORIG="124" NEW="124" />
   <LOCATION ORIG="125" NEW="125" />
   <LOCATION ORIG="126" NEW="126" />
   <LOCATION ORIG="127" NEW="127" />
   <LOCATION ORIG="128" NEW="128" />
   <LOCATION ORIG="130" NEW="130" />
   <LOCATION ORIG="131" NEW="131" />
   <LOCATION ORIG="132" NEW="132" />
   <LOCATION ORIG="133" NEW="133" />
   <LOCATION ORIG="134" NEW="134" />
   
</VERSION>

 <VERSION NUMBER="2" CHECKED="TRUE">	 
   <LOCATION ORIG="114" NEW="112" />
   <LOCATION ORIG="115" NEW="112" />
   <LOCATION ORIG="117" NEW="118" />
   <LOCATION ORIG="118" NEW="119" />
   <LOCATION ORIG="119" NEW="120" />
   <LOCATION ORIG="120" NEW="121" />
   <LOCATION ORIG="121" NEW="122" />
   <LOCATION ORIG="122" NEW="123" />
   <LOCATION ORIG="124" NEW="126" />
   <LOCATION ORIG="125" NEW="127" />
   <LOCATION ORIG="126" NEW="128" />
   <LOCATION ORIG="127" NEW="129" />
   <LOCATION ORIG="128" NEW="130" />
   <LOCATION ORIG="130" NEW="133" />
   <LOCATION ORIG="131" NEW="134" />
   <LOCATION ORIG="132" NEW="135" />
   <LOCATION ORIG="133" NEW="136" />
   <LOCATION ORIG="134" NEW="137" />
 
 
   
</VERSION>
</TEST>