<TEST NAME="TEST5" FILE="BaseTypes.java">
 <VERSION NUMBER="1" CHECKED="TRUE">
    <LOCATION ORIG="4" NEW="4" />
    <LOCATION ORIG="5" NEW="5" />
    <LOCATION ORIG="6" NEW="6" />
    <LOCATION ORIG="7" NEW="7" />
    <LOCATION ORIG="8" NEW="8" />
    <LOCATION ORIG="9" NEW="9" />
    <LOCATION ORIG="10" NEW="10" />
    <LOCATION ORIG="11" NEW="11" />
    <LOCATION ORIG="12" NEW="12" />
    <LOCATION ORIG="13" NEW="13" />
</VERSION>

  <VERSION NUMBER="2" CHECKED="TRUE">
    <LOCATION ORIG="4" NEW="4" />
    <LOCATION ORIG="5" NEW="5" />
    <LOCATION ORIG="6" NEW="6" />
    <LOCATION ORIG="7" NEW="7" />
    <LOCATION ORIG="8" NEW="8" />
    <LOCATION ORIG="9" NEW="9" />
    <LOCATION ORIG="10" NEW="10" />
    <LOCATION ORIG="11" NEW="11" />
    <LOCATION ORIG="12" NEW="12" />
    <LOCATION ORIG="13" NEW="13" />
</VERSION>

  <VERSION NUMBER="3" CHECKED="TRUE">
    <LOCATION ORIG="4" NEW="9" />
    <LOCATION ORIG="5" NEW="10" />
    <LOCATION ORIG="6" NEW="11" />
    <LOCATION ORIG="7" NEW="12" />
    <LOCATION ORIG="8" NEW="13" />
    <LOCATION ORIG="9" NEW="14" />
    <LOCATION ORIG="10" NEW="15" />
    <LOCATION ORIG="11" NEW="16" />
    <LOCATION ORIG="12" NEW="17" />
    <LOCATION ORIG="13" NEW="18" />
 </VERSION>

  <VERSION NUMBER="4" CHECKED="TRUE">
    <LOCATION ORIG="4" NEW="9" />
    <LOCATION ORIG="5" NEW="10" />
    <LOCATION ORIG="6" NEW="11" />
    <LOCATION ORIG="7" NEW="12" />
    <LOCATION ORIG="8" NEW="13" />
    <LOCATION ORIG="9" NEW="14" />
    <LOCATION ORIG="10" NEW="15" />
    <LOCATION ORIG="11" NEW="16" />
    <LOCATION ORIG="12" NEW="17" />
    <LOCATION ORIG="13" NEW="18" />
</VERSION>

  <VERSION NUMBER="5" CHECKED="TRUE">
    <LOCATION ORIG="4" NEW="9" />
    <LOCATION ORIG="5" NEW="10" />
    <LOCATION ORIG="6" NEW="11" />
    <LOCATION ORIG="7" NEW="12" />
    <LOCATION ORIG="8" NEW="13" />
    <LOCATION ORIG="9" NEW="14" />
    <LOCATION ORIG="10" NEW="15" />
    <LOCATION ORIG="11" NEW="16" />
    <LOCATION ORIG="12" NEW="17" />
    <LOCATION ORIG="13" NEW="18" />
</VERSION>

  <VERSION NUMBER="6" CHECKED="TRUE">
    <LOCATION ORIG="4" NEW="9" />
    <LOCATION ORIG="5" NEW="10" />
    <LOCATION ORIG="6" NEW="11" />
    <LOCATION ORIG="7" NEW="12" />
    <LOCATION ORIG="8" NEW="13" />
    <LOCATION ORIG="9" NEW="14" />
    <LOCATION ORIG="10" NEW="15" />
    <LOCATION ORIG="11" NEW="16" />
    <LOCATION ORIG="12" NEW="17" />
    <LOCATION ORIG="13" NEW="18" />
</VERSION>

  <VERSION NUMBER="7" CHECKED="TRUE">
    <LOCATION ORIG="4" NEW="9" />
    <LOCATION ORIG="5" NEW="10" />
    <LOCATION ORIG="6" NEW="11" />
    <LOCATION ORIG="7" NEW="12" />
    <LOCATION ORIG="8" NEW="13" />
    <LOCATION ORIG="9" NEW="14" />
    <LOCATION ORIG="10" NEW="15" />
    <LOCATION ORIG="11" NEW="16" />
    <LOCATION ORIG="12" NEW="17" />
    <LOCATION ORIG="13" NEW="18" />
</VERSION>
</TEST>