<TEST NAME="TEST3" FILE="DoubleCache.java">

<VERSION NUMBER="1" CHECKED="FALSE">
  <LOCATION ORIG="107" NEW="107"/>
  <LOCATION ORIG="108" NEW="108"/>
  <LOCATION ORIG="109" NEW="109"/>
  <LOCATION ORIG="110" NEW="110"/>
  <LOCATION ORIG="111" NEW="111"/>
  <LOCATION ORIG="112" NEW="112"/>
  <LOCATION ORIG="113" NEW="113"/>
  <LOCATION ORIG="114" NEW="114"/>
  <LOCATION ORIG="115" NEW="115"/>
  <LOCATION ORIG="116" NEW="116"/>
  <LOCATION ORIG="117" NEW="117"/>
  <LOCATION ORIG="118" NEW="118"/>
</VERSION>

<VERSION NUMBER="2" CHECKED="FALSE">
  <LOCATION ORIG="107" NEW="102"/>
  <LOCATION ORIG="108" NEW="102"/>
  <LOCATION ORIG="109" NEW="102"/>
  <LOCATION ORIG="110" NEW="102"/>
  <LOCATION ORIG="111" NEW="102"/>
  <LOCATION ORIG="112" NEW="102"/>
  <LOCATION ORIG="113" NEW="103"/>
  <LOCATION ORIG="114" NEW="103"/>
  <LOCATION ORIG="115" NEW="103"/>
  <LOCATION ORIG="116" NEW="103"/>
  <LOCATION ORIG="117" NEW="103"/>
  <LOCATION ORIG="118" NEW="103"/>
</VERSION>

</TEST>