<TEST NAME="TEST3" FILE="ResourceInfo.java">

 <VERSION NUMBER="1" CHECKED="TRUE">
      <LOCATION ORIG="287" NEW="287" />
      <LOCATION ORIG="288" NEW="288" />
      <LOCATION ORIG="289" NEW="289" />

      <LOCATION ORIG="290" NEW="290" />
      <LOCATION ORIG="291" NEW="291" />
      <LOCATION ORIG="292" NEW="292" />

      <LOCATION ORIG="294" NEW="294" />
      <LOCATION ORIG="295" NEW="295" />
      <LOCATION ORIG="296" NEW="296" />
      <LOCATION ORIG="297" NEW="297" />
      <LOCATION ORIG="298" NEW="298" />
      <LOCATION ORIG="299" NEW="299" />
      <LOCATION ORIG="300" NEW="300" />
</VERSION>

 <VERSION NUMBER="2" CHECKED="TRUE">
      <LOCATION ORIG="287" NEW="-1" />
      <LOCATION ORIG="288" NEW="288" />
      <LOCATION ORIG="289" NEW="289" />

      <LOCATION ORIG="290" NEW="290" />
      <LOCATION ORIG="291" NEW="-1" />
      <LOCATION ORIG="292" NEW="-1" />

      <LOCATION ORIG="294" NEW="-1" />
      <LOCATION ORIG="295" NEW="293" />
      <LOCATION ORIG="296" NEW="294" />
      <LOCATION ORIG="297" NEW="-1" />
      <LOCATION ORIG="298" NEW="-1" />
      <LOCATION ORIG="299" NEW="295" />
      <LOCATION ORIG="300" NEW="-1" />
</VERSION>
</TEST>