<TEST NAME="TEST20" FILE="TabFolder.java">

 <VERSION NUMBER="1" CHECKED="TRUE">
 
   <LOCATION ORIG="242" NEW="242" />
   <LOCATION ORIG="243" NEW="243" />
   <LOCATION ORIG="244" NEW="244" />
   <LOCATION ORIG="245" NEW="245" />
   <LOCATION ORIG="246" NEW="246" />
   <LOCATION ORIG="248" NEW="248" />
   <LOCATION ORIG="249" NEW="249" />
   <LOCATION ORIG="250" NEW="250" />
   <LOCATION ORIG="251" NEW="251" />
   <LOCATION ORIG="252" NEW="252" />
   <LOCATION ORIG="253" NEW="253" />
   <LOCATION ORIG="254" NEW="254" />
   
   
</VERSION>

 <VERSION NUMBER="2" CHECKED="TRUE">	 

   <LOCATION ORIG="242" NEW="-1" />
   <LOCATION ORIG="243" NEW="243" />
   <LOCATION ORIG="244" NEW="244" />
   <LOCATION ORIG="245" NEW="-1" />
   <LOCATION ORIG="246" NEW="244" />
   <LOCATION ORIG="248" NEW="242" />
   <LOCATION ORIG="249" NEW="245" />
   <LOCATION ORIG="250" NEW="-1" />
   <LOCATION ORIG="251" NEW="246" />
   <LOCATION ORIG="252" NEW="247" />
   <LOCATION ORIG="253" NEW="-1" />
   <LOCATION ORIG="254" NEW="248" />
   
</VERSION>
</TEST>